fecha,D_cadena,D_infra,D_soft
2016-11-28,0.007310216969289171,0.011075112349907976,-0.0046689956054070045
2016-12-12,0.007246750573160592,0.008620789916012943,0.0028748072095394206
2016-12-27,0.008179022630210364,0.008926786911348315,0.005799772644771422
2017-01-11,0.009114056379194477,0.0066559901050776,0.016935176342293634
2017-01-26,0.004049567373991328,0.0020702239671547343,0.01034747821392579
2017-02-09,0.000929564898544781,0.0014994426121268667,-0.000883682371943733
2017-02-24,0.0035379400704561997,0.003537711917593816,0.003538666011381981
2017-03-10,0.0021495329864251525,0.001152514232277243,0.005321865385986663
2017-03-24,0.002537243495456816,0.0011555236071741151,0.006933624958174537
2017-04-07,0.0035589637507585786,0.00174671742576726,0.00932520205754926
2017-04-24,0.0034287455529410336,0.0022758819106704353,0.007096948051074772
2017-05-08,0.0031104442309376236,-0.0003484890498838718,0.014116141033551426
2017-05-22,0.003757496817766142,-0.0006911194655862193,0.017912184992069077
2017-06-06,0.004801239728382124,0.0002935536872605074,0.019143877131950978
2017-06-20,0.0059733541209175504,0.0008841442102323765,0.022166294745824943
2017-07-05,0.008318741827841676,0.002241770347915329,0.027654560173061848
2017-07-19,0.006869248235706871,0.0005945093170398492,0.02683432661328373
2017-08-02,0.009550551563676192,0.003064591396595061,0.030187697549843406
2017-08-16,0.01171635095291357,0.005015618008017651,0.03303686486849146
2017-08-30,0.012180404753515653,0.005721880120250953,0.03273025585935785
2017-09-14,0.015727726026166393,0.008250757097327178,0.039518081708836625
2017-09-28,0.017339196153241566,0.010495226670728428,0.03911546268851056
2017-10-12,0.01616681258673122,0.009281517140428996,0.038074570824965556
2017-10-26,0.01477855519413964,0.008521239621733748,0.034688195651794734
2017-11-09,0.010137741993799219,0.003652104884478716,0.030773860068909926
2017-11-24,0.00948852417143728,0.002791486680820038,0.030797279823401177
2017-12-08,0.009604207370754523,0.003853042461197396,0.027903368446618074
2017-12-22,0.010023084535953422,0.005250459085194286,0.025208710970187065
2018-01-09,0.011796707259765905,0.008425152300982813,0.022524382128621213
2018-01-24,0.012065029590195573,0.00981664900692109,0.019218967809705334
2018-02-07,0.019795761822957163,0.015840987351392975,0.03237913514157049
2018-02-22,0.017306450810307523,0.014980507327395844,0.024707180074117555
2018-03-08,0.019047780591605234,0.016280603222626616,0.027852435856537232
2018-03-22,0.019169861792252114,0.01642696040814807,0.02789727528712856
2018-04-06,0.01571546280072061,0.014048658048953352,0.021018932465434757
2018-04-20,0.017098986277064673,0.015154367259181982,0.023286410424873207
2018-05-04,0.016579409474647918,0.015324970847890354,0.020570805105240286
2018-05-18,0.017937734937621543,0.017401046820001372,0.01964537894823118
2018-06-04,0.0168435826090424,0.016308825198493592,0.018545083460788606
2018-06-18,0.01390126214214447,0.013531214963667517,0.015078684982752902
2018-07-02,0.012475315417543077,0.012351469562479362,0.012869370410927602
2018-07-17,0.008454098401344722,0.008452515920852954,0.008459133566545748
2018-07-31,0.005802052830431684,0.006022942748111049,0.005099221274179097
2018-08-14,0.0060037270062888864,0.006319861669767848,0.004997843986128583
2018-08-28,0.005840174269152787,0.0056228063573831,0.006531799442965391
2018-09-12,0.007609400270060747,0.007635993451208828,0.007524785602771561
2018-09-26,0.007731999369986295,0.007605070487137659,0.008135863997231887
2018-10-10,0.010759844539099998,0.008725707251562263,0.017232099544901833
2018-10-24,0.014292042261233123,0.009079093717159797,0.030878696719648158
2018-11-07,0.01779467103463242,0.01247177098212435,0.03473117120170367
2018-11-21,0.01647216901886398,0.010712597597425873,0.03479807808707609
2018-12-07,0.013695298704800067,0.00885014537572481,0.029111695660948678
2018-12-21,0.01562419487558183,0.010120928171364535,0.03313458893445505
2019-01-08,0.018143842484513083,0.011254177153631483,0.04006550490095444
2019-01-23,0.0189764178407191,0.011818710105901627,0.041750942451502016
2019-02-06,0.017386982275841588,0.00973742964505207,0.04172646791926263
2019-02-21,0.018089761856418952,0.009638229430880472,0.0449810013922233
2019-03-07,0.01607737169111674,0.008697101785245201,0.03956004866434426
2019-03-21,0.0187940442539841,0.01076523330354735,0.044340260914464844
2019-04-04,0.020684714627837348,0.012762057094853636,0.045893170414603626
2019-04-18,0.019853572424985613,0.012133702304604786,0.0444167955352882
2019-05-03,0.020788340723076556,0.013343787525105948,0.04447555544389225
2019-05-17,0.01912305852494246,0.012175291700416927,0.04122958933025098
2019-06-03,0.02139978715378548,0.014279147045769172,0.04405636931565556
2019-06-17,0.024461503328026664,0.01711714635832969,0.047829911867971586
2019-07-01,0.028578440541552196,0.020907863512081522,0.052984821998958855
2019-07-16,0.03259809929333993,0.024054843694754427,0.0597811852888393
2019-07-30,0.037107983293893865,0.028126011660230474,0.06568698394645928
2019-08-13,0.03792015249383927,0.028863538607663906,0.06673665122257907
2019-08-27,0.03933113286650852,0.030509017985710644,0.06740149839631981
2019-09-11,0.03882860542961203,0.03083292196424237,0.06426941645578832
2019-09-25,0.039856804406498705,0.03199380838101029,0.06487542812396177
2019-10-09,0.04075344323944548,0.033163895663327975,0.0649020037089102
2019-10-23,0.039396069592285865,0.03503022761965344,0.05328738495975269
2019-11-06,0.03825214270793445,0.035429318867646456,0.04723385492703254
2019-11-20,0.04012274460607948,0.03894021685343474,0.043885332909949004
2019-12-05,0.04230258722344739,0.04090130917658229,0.04676119919074533
2019-12-19,0.04008021092274663,0.03928904115243041,0.042597569282843764
2020-01-06,0.03739124813549574,0.037763486509761454,0.03620685330828668
2020-01-21,0.036521520269868754,0.03704460185184551,0.034857169781760865
2020-02-04,0.03775056524990781,0.03926735570927308,0.03292441378829114
2020-02-19,0.03668304470750804,0.03816531923850096,0.03196671665434869
2020-03-04,0.04140702470856439,0.04194700731943144,0.039688898219442
2020-03-18,0.0207087269002651,0.017765303996669875,0.030074163411704453
2020-04-01,0.011541865184533607,0.012046434202406081,0.009936418309484673
2020-04-16,0.011546668250370911,0.01157577229733486,0.01145406446457648
2020-04-30,0.0118374584475411,0.011792560108646181,0.011980316798570336
2020-05-14,0.01062311359450298,0.009582125515618127,0.01393534839095465
2020-05-29,0.009606900106188346,0.008721699556788308,0.012423447308825051
2020-06-12,0.008636537478240992,0.00697674131192098,0.013917707098350015
2020-06-26,0.007597469781563938,0.006191362762986947,0.012071446658854321
2020-07-13,0.007505308422110325,0.005678969060943891,0.013316388207639735
2020-07-27,0.008206423842599602,0.005765146811678546,0.015974123486439368
2020-08-10,0.0077887277080417264,0.005532433061936615,0.014967847036557937
2020-08-24,0.00720431193934047,0.004849953123468649,0.014695453626205328
2020-09-08,0.007499468461067736,0.004376679947780817,0.01743561373061694
2020-09-22,0.007075743773244001,0.003674248250645846,0.01789868407242003
2020-10-06,0.007118115357654886,0.003712843658738977,0.017953070763296483
2020-10-20,0.006810288732987346,0.003092886943481709,0.01863838533595979
2020-11-03,0.006575994045453847,0.002715694972585482,0.018858763822762047
2020-11-17,0.008169865840125119,0.003591071248158186,0.022738757723656397
2020-12-02,0.00794724346829791,0.0034440011055366544,0.022275741895265655
2020-12-16,0.008409263054066245,0.0038736388437554496,0.022840794632327945
2020-12-31,0.008445281508933283,0.003843892365755608,0.023086065146316906
2021-01-15,0.009052128004797766,0.00422109600691669,0.024423593452601068
2021-02-01,0.008072923261322439,0.0028930125133754744,0.024554457459335537
2021-02-16,0.00780824787992645,0.0025952160640907163,0.024395167293949457
2021-03-02,0.006203450486889538,0.0009587104082248929,0.022891259828095104
2021-03-16,0.007354890296507995,0.003849149754278244,0.018509519294511736
2021-03-30,0.016814798257061933,0.009884768018623067,0.038864894470276384
2021-04-14,0.018296038067483346,0.011310403904655646,0.04052305585829881
2021-04-28,0.018894257002355735,0.010362599953643161,0.04604043852098677
2021-05-12,0.01967799950829171,0.013182632496127524,0.04034507636517774
2021-05-26,0.021231071849450094,0.013250259595067617,0.04662456538612163
2021-06-10,0.020803413848037595,0.01458383751191179,0.040592974917528835
2021-06-24,0.018932795811660266,0.01425866518473064,0.033805029624618246
2021-07-09,0.0194267069534204,0.0159006665329968,0.030645926472950134
2021-07-23,0.02048204326439248,0.015135627257500575,0.037493366922684894
2021-08-06,0.020163303108419933,0.014851663372227871,0.03706397499630363
2021-08-20,0.022420538371681814,0.016117645507474052,0.0424751974850702
2021-09-03,0.02010556599963475,0.01455583706442012,0.03776379442986312
2021-09-20,0.02167306873997503,0.0166195037405444,0.03775259373816348
2021-10-04,0.021245832971532475,0.017030167760369645,0.034659313188868876
2021-10-18,0.020171877245426264,0.01585863872757796,0.033895817984034515
2021-11-01,0.020367647998937897,0.016826399259012425,0.03163525762597345
2021-11-15,0.020560078674145346,0.013735598820797591,0.04227433275297898
2021-11-30,0.02243598924481415,0.014476585202079034,0.04776136574442576
2021-12-14,0.02397943838526427,0.014857382869781381,0.053004160479982604
2021-12-29,0.023880152820051917,0.014337395211330144,0.054243472484166624
2022-01-12,0.02357245643089256,0.014125748337273106,0.05363016400149977
2022-01-27,0.021335848752290245,0.011092847130068036,0.053927217550270024
2022-02-10,0.021982253960902608,0.010474885682451127,0.05859660757415732
2022-02-25,0.02378337150168646,0.011667124375754713,0.06233506690237846
2022-03-11,0.022514194318612287,0.009363230763546289,0.06435816926654939
2022-03-25,0.025481212265990864,0.01155287986286304,0.06979863354867029
2022-04-08,0.028852922608192298,0.014115799020438809,0.07574377038740793
2022-04-25,0.029639839387418907,0.015529183696781447,0.07453738022126545
2022-05-09,0.028439006561666806,0.015308942143080533,0.07021648425716878
2022-05-23,0.027558792984755554,0.014965729868536004,0.06762763017272709
2022-06-07,0.027003275265078633,0.015329270463929477,0.06414783599600779
2022-06-22,0.024656068571014746,0.014446569991982655,0.05714083677702607
2022-07-07,0.024297374601955905,0.014148746947045772,0.05658846259485167
2022-07-21,0.022426569659012872,0.013471472212759981,0.05092006153345381
2022-08-04,0.022136616635885127,0.013813581346619398,0.04861900164718516
2022-08-18,0.023873512747794964,0.015780932509201415,0.04962263168877441
2022-09-01,0.024586120660430595,0.017351496654407342,0.047605378861413875
2022-09-16,0.024291697776818968,0.017141763102026808,0.04704148992388489
2022-09-30,0.022306086079243444,0.015492229231197238,0.04398653968666334
2022-10-14,0.0218027685316464,0.014940844590431435,0.04363616289005731
2022-10-28,0.02155418771415944,0.014712213824941724,0.043324104634397634
2022-11-11,0.021740679028206946,0.016764972091245056,0.037572473827631084
2022-11-28,0.02180341016492095,0.016996256831741968,0.03709889804321753
2022-12-12,0.02146025135550848,0.016172569640499568,0.0382846931759914
2022-12-27,0.02277788859615439,0.017046530017356988,0.041014029528691556
2023-01-11,0.02086454935251181,0.015093748380941255,0.03922618880750922
2023-01-26,0.02395991513285611,0.01856016960489252,0.041140923630921915
2023-02-09,0.023804149309040127,0.01983893831522753,0.03642072974389847
2023-02-24,0.023415726380592895,0.020241697139222897,0.033514910330406426
2023-03-10,0.021472133029296847,0.01960372446334231,0.027417069375515878
2023-03-24,0.020757590080482266,0.019121611099285642,0.025962977747925938
2023-04-10,0.01781108213291261,0.01653719196128824,0.021864369042626702
2023-04-24,0.01774053886024019,0.01617239626662177,0.02273008347629877
2023-05-08,0.016548198153282,0.014829093204408315,0.022018077536061657
2023-05-22,0.016470790010840022,0.014547375087925443,0.02259074658375025
2023-06-06,0.018741526092985527,0.016586753058259456,0.02559762211256842
2023-06-21,0.021550297480512463,0.018516200813024186,0.031204241422520762
2023-07-06,0.021130925010861817,0.018540355088262524,0.02937364749185982
2023-07-20,0.023002763354234117,0.01946742497479729,0.034251567288805684
2023-08-03,0.022400697297485513,0.01846124659090455,0.03493531318206122
2023-08-17,0.023140827850576334,0.01899896389255998,0.03631948589881033
2023-08-31,0.022104867738700962,0.01778856584974659,0.03583855556719217
2023-09-15,0.02138667691479212,0.016456740001218318,0.03707283982161785
2023-09-29,0.02255814658217549,0.017379783495173762,0.0390347564044536
2023-10-13,0.02521502827145348,0.020438038782818725,0.040414540280745814
2023-10-27,0.027055298145789036,0.022402215977592073,0.04186055959005203
2023-11-10,0.026436032118928237,0.02053633198511072,0.04520780527198407
2023-11-27,0.02534782377359314,0.020098197455670028,0.042051180239712035
2023-12-11,0.02698098861534378,0.02167792956281758,0.04385435832792724
2023-12-26,0.025261634675764956,0.021663644521326804,0.03670978516715904
2024-01-10,0.027214545190269984,0.02417455936470755,0.036887227362514104
2024-01-25,0.02545383854664751,0.02219304682675179,0.03582908492813376
2024-02-08,0.027247021805658925,0.023015859758664176,0.04070981013700583
2024-02-23,0.02614170431174319,0.021652731499639446,0.04042479962298254
2024-03-08,0.029635494862375253,0.025180905911757846,0.04380918697797603
2024-03-22,0.030870361212755645,0.027074996919304862,0.04294652032828081
2024-04-08,0.03377650368391838,0.02965834522110399,0.046879735156509506
2024-04-22,0.03671170027849714,0.03262860169229421,0.04970337759823386
2024-05-06,0.03879418871324243,0.034813449086434946,0.051460178434902575
2024-05-20,0.04316428434947421,0.03988290874670419,0.05360502490374257
2024-06-04,0.04472377276674646,0.043726910967315825,0.04789560576493494
2024-06-18,0.045090500452131255,0.04559398136502989,0.04348851572927193
2024-07-03,0.04692129935855039,0.047579103065762664,0.044828287562875026
2024-07-18,0.05302042626344318,0.05335741788003903,0.051948180210638226
2024-08-01,0.06535503615409026,0.06810356096587186,0.05660972993478524
2024-08-15,0.07637840964922443,0.07901755432332791,0.06798113114071327
2024-08-29,0.07751491657470355,0.08057865578329088,0.0677666554564712
2024-09-13,0.08281766843513282,0.08772424998970696,0.06720581803421508
2024-09-27,0.08386569703055005,0.08799226189984688,0.07073571790096925
2024-10-11,0.08277632944789298,0.08792245859030949,0.06640228217656771
2024-10-25,0.08345754844359789,0.08775704384192255,0.06977733581256484
2024-11-08,0.08074248808337395,0.08469055489368568,0.06818045732329103
2024-11-22,0.0835662562145308,0.088522862237773,0.06779523704966912
2024-12-09,0.08138008833763269,0.08596906549744764,0.06677879737458514
2024-12-23,0.08024496204682528,0.0840150521482101,0.06824922081514634
2025-01-08,0.08155340202770428,0.08528838859899458,0.06966935384632603
2025-01-24,0.08066036302265939,0.08418420572563011,0.06944813624047988
2025-02-07,0.08182563492316293,0.08474831207684863,0.07252620761598133
2025-02-24,0.08012328226638271,0.08274890669698776,0.07176902271445754
2025-03-10,0.07849696859029456,0.07958805464322469,0.07502533114915337
2025-03-24,0.07883781716391897,0.07901549233842793,0.07827248706320868
2025-04-07,0.08511895822564747,0.08609303296109269,0.08201962952195804
2025-04-22,0.07994413053229107,0.08105769612021202,0.07640096729799727
2025-05-06,0.0794142042286386,0.07990600446319773,0.07784938530049576
2025-05-20,0.0816245409694251,0.08177822727103534,0.08113553910066539
2025-06-04,0.0783942386299476,0.07730164397605799,0.08187067616505087
2025-06-18,0.07889629118179783,0.07801705850284976,0.08169384970572352
2025-07-03,0.07885940728132088,0.07776331879574386,0.08234696155361122
2025-07-18,0.07575865285021346,0.07538961013324146,0.07693287967694247
2025-08-01,0.0720026005910498,0.07054277112548075,0.07664751252695118
2025-08-15,0.06791274822308573,0.0661205500214736,0.07361519704639709
2025-08-29,0.06864759206841746,0.06667498619379308,0.07492406530585832
2025-09-15,0.06560715262309019,0.06401465208516019,0.07067419978923101
2025-09-29,0.06536928976232033,0.06402582443449559,0.0696439521690356
2025-10-13,0.064971858196083,0.062463000444001576,0.07295458740725129
2025-10-27,0.06674033455158335,0.06496906183983385,0.07237620227078624
2025-11-10,0.06859102429086388,0.06657605012251135,0.07500230573562186
2025-11-24,0.07073915456840607,0.06886933826877761,0.07668857006722377
2025-12-09,0.07059930798883714,0.0687344861753095,0.07653283194097077
2025-12-23,0.07273370371446719,0.07181506059200457,0.07565665910412074
2026-01-08,0.07119421936342053,0.07195659311657845,0.0687684846942817
2026-01-23,0.07281699339324071,0.07441634768694308,0.06772813882236957
2026-02-06,0.07315301665938136,0.07224602446587189,0.07603890091145703
2026-02-23,0.07238360124587931,0.07156810456273091,0.07497836341953304
2026-03-09,0.07377545886478432,0.07569690373363332,0.06766177064571935
2026-03-23,0.07335274800794664,0.07718964922439049,0.06114442595562532
2026-04-07,0.06749624121861411,0.07144137648701024,0.05494353809189918
2026-04-21,0.05437779364315806,0.05616047608212947,0.04870562224643095
2026-05-05,0.0547737434665333,0.053424201006722224,0.059067742202295714
2026-05-19,0.05508412567777141,0.05585843645582568,0.05262040956578054
2026-06-03,0.05125211007004698,0.051494722880160534,0.050480160219685585
2026-06-17,0.049636008841352885,0.049424370542030804,0.050309403430104954
2026-07-02,0.042795361292498606,0.04229053151452808,0.044401637858768425
2026-07-17,0.04586699041101305,0.04727967820106468,0.041372074715394315
2026-07-31,0.04724384222328036,0.049808718553067614,0.03908287208304819
2026-08-14,0.04510915826359751,0.046814459272533374,0.03968320050789241
2026-08-28,0.04188565415912457,0.04121134531546177,0.04403118229805171
2026-09-14,0.04369533079586008,0.043415308538106843,0.04458631070689306
2026-09-28,0.04281223862691856,0.04138196435869144,0.047363111298550274
