date,quarter,companies,companies_fresh,reported_usd_bn,not_commenced_usd_bn,committed_usd_bn,on_balance_share,source,source_es
2023-03-31,2023Q1,4,4,143.0,67.9,210.9,67.8,Measured from 10-K and 10-Q filings; last reported figure per company carried forward until it files again,Medido sobre los informes 10-K y 10-Q; el ultimo dato de cada empresa se arrastra hasta que vuelve a presentar
2023-06-30,2023Q2,4,4,148.5,79.9,228.4,65.0,Measured from 10-K and 10-Q filings; last reported figure per company carried forward until it files again,Medido sobre los informes 10-K y 10-Q; el ultimo dato de cada empresa se arrastra hasta que vuelve a presentar
2023-09-30,2023Q3,4,4,171.9,120.8,292.7,58.7,Measured from 10-K and 10-Q filings; last reported figure per company carried forward until it files again,Medido sobre los informes 10-K y 10-Q; el ultimo dato de cada empresa se arrastra hasta que vuelve a presentar
2023-12-31,2023Q4,4,4,172.4,143.2,315.6,54.6,Measured from 10-K and 10-Q filings; last reported figure per company carried forward until it files again,Medido sobre los informes 10-K y 10-Q; el ultimo dato de cada empresa se arrastra hasta que vuelve a presentar
2024-03-31,2024Q1,4,4,163.6,142.8,306.4,53.4,Measured from 10-K and 10-Q filings; last reported figure per company carried forward until it files again,Medido sobre los informes 10-K y 10-Q; el ultimo dato de cada empresa se arrastra hasta que vuelve a presentar
2024-06-30,2024Q2,4,4,145.7,168.2,313.9,46.4,Measured from 10-K and 10-Q filings; last reported figure per company carried forward until it files again,Medido sobre los informes 10-K y 10-Q; el ultimo dato de cada empresa se arrastra hasta que vuelve a presentar
2024-09-30,2024Q3,4,4,148.5,191.0,339.5,43.7,Measured from 10-K and 10-Q filings; last reported figure per company carried forward until it files again,Medido sobre los informes 10-K y 10-Q; el ultimo dato de cada empresa se arrastra hasta que vuelve a presentar
2024-12-31,2024Q4,4,4,145.8,208.4,354.2,41.2,Measured from 10-K and 10-Q filings; last reported figure per company carried forward until it files again,Medido sobre los informes 10-K y 10-Q; el ultimo dato de cada empresa se arrastra hasta que vuelve a presentar
2025-03-31,2025Q1,5,5,153.3,238.9,392.2,39.1,Measured from 10-K and 10-Q filings; last reported figure per company carried forward until it files again,Medido sobre los informes 10-K y 10-Q; el ultimo dato de cada empresa se arrastra hasta que vuelve a presentar
2025-06-30,2025Q2,5,5,166.5,272.0,438.5,38.0,Measured from 10-K and 10-Q filings; last reported figure per company carried forward until it files again,Medido sobre los informes 10-K y 10-Q; el ultimo dato de cada empresa se arrastra hasta que vuelve a presentar
2025-09-30,2025Q3,5,5,167.6,321.1,488.7,34.3,Measured from 10-K and 10-Q filings; last reported figure per company carried forward until it files again,Medido sobre los informes 10-K y 10-Q; el ultimo dato de cada empresa se arrastra hasta que vuelve a presentar
2025-12-31,2025Q4,5,5,237.8,452.2,690.0,34.5,Measured from 10-K and 10-Q filings; last reported figure per company carried forward until it files again,Medido sobre los informes 10-K y 10-Q; el ultimo dato de cada empresa se arrastra hasta que vuelve a presentar
2026-03-31,2026Q1,5,5,325.4,602.1,927.5,35.1,Measured from 10-K and 10-Q filings; last reported figure per company carried forward until it files again,Medido sobre los informes 10-K y 10-Q; el ultimo dato de cada empresa se arrastra hasta que vuelve a presentar
2026-06-30,2026Q2,5,4,381.5,871.2,1252.7,30.5,Measured from 10-K and 10-Q filings; last reported figure per company carried forward until it files again,Medido sobre los informes 10-K y 10-Q; el ultimo dato de cada empresa se arrastra hasta que vuelve a presentar
