trimestre,simple_nominal,simple_real,pond_nominal,n_en_indice,pond_real,g3_simple_nominal,g3_simple_real,g3_pond_nominal,g3_n_en_indice,g3_pond_real
2015Q1,25.403180960050555,0.10765154490308572,25.69228069451702,2,0.10887666836677043,,,,,
2015Q2,28.683791421779418,0.1206940734831266,28.97585038437755,2,0.12192298305700043,,,,,
2015Q3,31.398690207624128,0.13220612471525708,31.56338530837354,3,0.13289958361069795,,,,,
2015Q4,39.76152218800546,0.16723315509274211,39.68473209300687,3,0.16691018330595375,,,,,
2016Q1,37.86355607765376,0.1590371139014355,38.035187602092684,3,0.15975801244158552,,,,,
2016Q2,38.32674736640178,0.15954719953377203,37.78022462512295,3,0.15727212588823233,,,,,
2016Q3,44.01564219320648,0.18250423837034566,43.33721262518348,3,0.17969123223365296,,,,,
2016Q4,43.400262953082326,0.17886910468346676,42.810251378686395,3,0.17643744102789927,,,,,
2017Q1,47.95076141930442,0.1966065365789137,46.984364846670765,3,0.19264414104058666,,,,,
2017Q2,51.795345300936,0.21213429266897932,50.867026993400344,3,0.20833224933098113,,,,,
2017Q3,53.95008251651185,0.218922160068626,53.082039945771584,3,0.21539976036590414,,,,,
2017Q4,62.01499527929869,0.2502572396815992,60.340367165108056,3,0.24349939333390389,,,,,
2018Q1,67.79067342341565,0.27162227858903526,64.66934521006011,3,0.25911580478193147,98.15502245265284,92.55128446520663,92.30967056091276,40.54651081081645,86.70593257346655
2018Q2,75.61001466775099,0.3012135172288481,71.7676161768467,3,0.28590625443930995,96.92565391561443,91.45603471554425,90.69706084376068,40.54651081081645,85.22744164369051
2018Q3,85.90460572223006,0.3406452709639469,80.6633162225515,3,0.3198615135995095,100.64712658969523,94.64794192268798,93.82861461784051,0.0,87.82942995083324
2018Q4,71.59888563588778,0.283260416256425,67.79612613561855,3,0.2682158910602197,58.81798446387796,52.69776963040711,53.55385249888185,0.0,47.43363766541104
2019Q1,82.98782067171781,0.3263677826611051,78.17284571480819,3,0.3074318389583336,78.4704789726248,71.88873173902972,72.04106249590411,0.0,65.45931526230903
2019Q2,86.06411411305223,0.3372246480902314,79.44300629422412,3,0.31128118980704006,80.89445143377536,74.84095195187935,74.3254054938665,0.0,68.27190601197049
2019Q3,88.2058870709829,0.3439764733883824,82.90150318189062,3,0.32329096900476,69.51286324892112,63.37998670217899,64.86415145481716,0.0,58.731274908075015
2019Q4,96.97429609075931,0.37495377988152695,91.1661290097486,3,0.35249634230270505,80.39804547178142,74.0148485135718,75.59058435586117,0.0,69.20738739765157
2020Q1,94.24467194770665,0.3651818532048956,86.81040627087005,3,0.3363753555962974,67.57196130247318,61.91910021939295,61.39116188648619,0.0,55.73830080340596
2020Q2,123.21207737924986,0.47934608888527896,112.03227428868975,3,0.4358520175251117,86.66067907978751,81.52033301759185,78.95720791690638,0.0,73.81686185471071
2020Q3,131.73059007899147,0.5066619617879878,118.95406324362453,3,0.4575209069474822,89.26996314868903,83.91278060258793,80.6898755164056,0.0,75.33269297030452
2020Q4,144.1914324139164,0.5502544693236521,132.27311076340837,3,0.5047725038196049,84.37655933350729,78.78914951511395,78.4867487395723,0.0,72.89933892117897
2021Q1,152.7051183109011,0.5763305479330961,142.85454221256873,3,0.5391530912570859,81.20841050408076,75.22689445099847,79.25396349375733,0.0,73.27244744067508
2021Q2,175.4203738098721,0.6481351607952297,165.03096232359525,3,0.6097488391954128,84.15964859007462,76.62798832397262,83.26997606097164,0.0,75.7383157948696
2021Q3,180.54060183880705,0.6591238065014312,171.8507167564844,3,0.6273984767130969,74.27182486045822,66.00697123836277,75.63422719185375,0.0,67.3693735697583
2021Q4,225.3120156473784,0.8022646500645494,202.65408173587346,4,0.721586931353143,114.64066676834238,104.10718677383942,109.49954380007894,28.76820724517808,98.96606380557593
2022Q1,188.2376833322777,0.6543437478961522,179.28884940946296,3,0.6232361958656777,81.90115792193487,69.56079086415012,83.00758433533284,0.0,70.6672172775481
2022Q2,141.6691815312597,0.48030452415524877,136.22638472399075,3,0.4618516757493152,49.84021006448644,35.36710082534119,53.92782327907426,0.0,39.454714039928994
2022Q3,134.19657328541396,0.4528328871884635,128.0043405695085,4,0.43193781848262863,41.9631982203871,27.494989124629765,43.44109795955502,28.76820724517808,28.972888863797706
2022Q4,119.46276912589988,0.3997656513556108,114.94418180786425,4,0.3846448232045573,20.855881276368837,6.407573908238062,23.176319928653477,28.76820724517808,8.728012560522714
2023Q1,158.11077958727483,0.5238561252771504,144.76959163184978,4,0.4796538068320288,51.74016303024693,36.08216190712319,51.14169529619481,28.76820724517808,35.48369417307108
2023Q2,195.4375958140338,0.6428572230687857,175.21988361361966,4,0.576354653448919,46.13340485015742,29.34997911916292,44.72546699320983,28.76820724517808,27.942041262215323
2023Q3,197.18345743636013,0.6417144763546783,178.1779566338063,4,0.5798629135819469,40.33756987206303,23.629942469850324,40.40454118156349,28.76820724517808,23.696913779350815
2023Q4,228.24417779030188,0.7392739473872983,203.29907713098464,4,0.6584777439050358,45.92742026311987,29.528770964940804,42.98093751344689,28.76820724517808,26.58228821526781
2024Q1,270.5599472995054,0.8662214772111139,233.68437685396086,4,0.7481610938352169,57.19849599689457,40.74592591855416,49.2144462772921,28.76820724517808,32.761876198951654
2024Q2,295.9674019315235,0.9454498470870661,260.9782839951946,4,0.833679239963694,52.30640901866259,37.756158681530096,45.830409403510956,28.76820724517808,31.280159066378445
2024Q3,293.22762974679887,0.9316740266220113,251.4918831788024,4,0.7990667716622472,48.499350731270056,34.607160954582696,38.078454126269975,28.76820724517808,24.18626434958261
2024Q4,316.17959867393057,0.9955151656589041,274.7179347871452,4,0.8649700091533646,33.88242245867224,21.582181655683865,30.424438492979622,0.0,18.124197689991252
2025Q1,187.39393689075865,0.5859997713800167,236.71194849796487,5,0.7402221758305263,-0.44924219108510854,-11.031342233694103,27.784580564353334,51.08256237659905,17.202480521744324
2025Q2,296.06237484481414,0.9210645226711905,286.7798090105753,5,0.8921860065349925,73.70755258674615,65.11097629278451,74.4396609913295,51.08256237659905,65.84308469736789
2025Q3,307.2775623476487,0.9476709350881238,328.3183949805504,5,1.0125627071521548,82.84457611801344,73.8484172142698,94.19196799038217,22.31435513142097,85.19580908663855
2025Q4,277.10115417102196,0.8499227195298054,354.8707789464277,5,1.088457168019077,84.13778496426846,75.42669233436483,112.73070852958433,22.31435513142097,104.0196158996807
2026Q1,249.95912512498396,0.7567799654397276,308.5211017891326,5,0.9340830771137524,45.80014810208483,36.7855468121625,75.66467869120324,22.31435513142097,66.65007740128088
2026Q2,365.4560594845084,1.0988912327238591,348.66671295317354,4,1.0484072819789443,62.59049262021419,53.61343287150291,68.8074825701639,0.0,59.8304228214526
